seed,variant,exp1_free_rmse,exp1_limit_rmse,exp1_limit_r2,exp3_free_rmse,exp3_limit_rmse,exp3_limit_r2,exp1_model_gen_s,exp1_full_s,exp3_model_gen_s,exp3_full_s
7,baseline,0.10193202395447838,0.11962856612843317,0.854,0.039084351089974656,0.21255037612466807,,4.504496000008658,571.2146604000009,3.5436944000102812,308.19770300001255
7,effort,0.07679486607694291,0.18836749598851296,0.663,0.04276150114345387,0.20431692648059216,,4.638053200003924,612.5947327999893,3.2829716999985976,250.22327440002118
