{
  "free": {
    "c_mean": 0.0027487437185929648,
    "c_var": 2.1236837453599654e-07,
    "target_mean": 0.4019302024931973
  },
  "limit": {
    "c_mean": 0.0052261306532663315,
    "c_var": 2.1236837453599646e-07,
    "target_mean": 0.8714285714285714
  }
}