{
  "free": {
    "c_mean": 0.0023115577889447235,
    "c_var": 2.1236837453599654e-07,
    "target_mean": 0.4019302024931973
  },
  "limit": {
    "c_mean": 0.007703517587939698,
    "c_var": 2.1236837453599649e-07,
    "target_mean": 0.8714285714285714
  }
}