{
  "free": {
    "Boredom": {
      "mean": 0.002815126050420168,
      "var": 5.2578384294894454e-08
    },
    "Fear": {
      "mean": 0.0032941176470588237,
      "var": 5.257838429489444e-08
    },
    "Happiness": {
      "mean": 0.003533613445378151,
      "var": 5.257838429489443e-08
    },
    "Joy": {
      "mean": 0.0025756302521008404,
      "var": 5.257838429489443e-08
    },
    "Pride": {
      "mean": 0.006327731092436974,
      "var": 5.257838429489441e-08
    },
    "Sadness": {
      "mean": 0.0032941176470588237,
      "var": 5.2578384294894454e-08
    },
    "Shame": {
      "mean": 0.006247899159663865,
      "var": 5.25783842948944e-08
    }
  },
  "limit": {
    "Boredom": {
      "mean": 0.03,
      "var": 1.1211072664359855e-06
    },
    "Fear": {
      "mean": 0.006470588235294117,
      "var": 4.567474048442906e-07
    },
    "Happiness": {
      "mean": 0.006,
      "var": 4.567474048442906e-07
    },
    "Joy": {
      "mean": 0.008823529411764706,
      "var": 4.5674740484429075e-07
    },
    "Pride": {
      "mean": 0.017058823529411765,
      "var": 1.9465743944636665e-06
    },
    "Sadness": {
      "mean": 0.006,
      "var": 4.567474048442906e-07
    },
    "Shame": {
      "mean": 0.02952941176470588,
      "var": 8.918477508650522e-06
    }
  }
}