Emotion,Suddenness,Goal_relevance,Conduciveness,Power,Urgency
Boredom,0.0,2.6645352591003756e-16,0.5000000000000001,0.6000000000000001,0.3333333333333333
Fear,0.7998100094995251,1,0.0,0.0,0.5
Happiness,0.0,0.6680268000000005,0.8340134000000002,0.9491998947368422,0.3333333333333333
Joy,0.8014099295035249,1,1.0,0.0,0.6666666666666666
Pride,0.5142414860681115,1,1.0,0.07153310375555859,0.75
Sadness,0.20168991550422477,1,0.0,0.0,0.5
Shame,0.7905317769130998,1,0.0,0.7281967848531835,0.75
