Emotion  , Suddenness         , Goal_relevance        , Conduciveness     , Power

Boredom  , 0.0                , 2.6645352591003756e-16, 0.5000000000000001, 0.6000000000000001
Fear     , 0.7999600019999    , 1                     , 0.0               , 0.0
Happiness, 0.0                , 0.6680268000000005    , 0.8340134000000002, 0.9491998947368422
Joy      , 0.8043097845107745 , 1                     , 1.0               , 0.0
Pride    , 0.49984714154692755, 1                     , 1.0               , 0.12320905600992325
Sadness  , 0.2023398830058497 , 1                     , 0.0               , 0.0
Shame    , 0.8016447368421052 , 1                     , 0.0               , 0.3918073290011613
