Emotion,Suddenness,Goal_relevance,Conduciveness,Power,Urgency
Boredom,0.0,2.6645352591003756e-16,0.5000000000000001,0.6000000000000001,0.3333333333333333
Fear,0.8040597970101495,1,0.0,0.0,0.5
Happiness,0.0,0.43810263,0.719051315,0.9172157894736842,0.3333333333333333
Joy,0.7982600869956502,1,1.0,0.0,0.6666666666666666
Pride,0.47940298507462686,1,1.0,0.06889780246502529,0.75
Sadness,0.20003999800009997,1,0.0,0.0,0.5
Shame,0.8015737256243585,1,0.0,0.257812821122312,0.75
