Emotion,Suddenness,Goal_relevance,Conduciveness,Power,Experience
Boredom,0.0,2.6645352591003756e-16,0.5000000000000001,0.6000000000000001,0.999950002499375
Fear,0.7989100544972751,1,0.0,0.0,0.20103994800249936
Happiness,0.0,0.5736042900000002,0.7868021450000001,0.9347397368421053,0.999950002499375
Joy,0.8026098695065247,1,1.0,0.0,0.9999999999995
Pride,0.4976119402985074,1,1.0,0.15746436721779417,0.9999999999995
Sadness,0.19579021048947554,1,0.0,0.0,0.8041597920099974
Shame,0.806376619063434,1,0.0,0.5112361485157043,0.9999999999995
