Emotion,Suddenness,Goal_relevance,Conduciveness,Power,Responsibility
Boredom,0.0,2.6645352591003756e-16,0.5000000000000001,0.6000000000000001,1.0
Fear,0.8053597320133994,1,0.0,0.0,0.0
Happiness,0.0,0.5196655799999998,0.7598327899999999,0.9347397368421053,0.0
Joy,0.8042597870106495,1,1.0,0.0,0.0
Pride,0.4990936555891239,1,1.0,0.1864016074121203,0.37280321443181613
Sadness,0.2028898555072246,1,0.0,0.0,0.0
Shame,0.785,1,0.0,0.2052640296525741,0.41052805887301347
