Emotion,Suddenness,Goal_relevance,Conduciveness,Power,Urgency,Effort
Boredom,0.0,2.6645352591003756e-16,0.5000000000000001,0.6000000000000001,0.3333333333333333,1.0
Fear,0.799610019499025,1.0,0.0,0.0,0.5,1.0
Happiness,0.0,0.5196655799999998,0.7598327899999999,0.9347397368421053,0.3333333333333333,0.05
Joy,0.8011599420028999,1.0,1.0,0.0,0.6666666666666666,0.05
Pride,0.5070202808112325,1.0,1.0,0.12090998854613341,0.75,0.1
Sadness,0.19924003799810008,1.0,0.0,0.0,0.5,1.0
Shame,0.7933243425488874,1.0,0.0,0.201131059061973,0.75,1.0
