Emotion,Suddenness,Goal_relevance,Conduciveness,Power
Boredom,0.0,2.6645352591003756e-16,0.5000000000000001,0.6000000000000001
Fear,0.7958602069896505,1,0.0,0.0
Happiness,0.0,0.5196655799999998,0.7598327899999999,0.9347397368421053
Joy,0.8003599820009,1,1.0,0.0
Pride,0.48686197523406827,1,1.0,0.031741233160568524
Sadness,0.20193990300484976,1,0.0,0.0
Shame,0.8156666666666667,1,0.0,0.696702960731617
