Emotion,Suddenness,Goal_relevance,Conduciveness,Power,Effort
Boredom,0.0,2.6645352591003756e-16,0.5000000000000001,0.6000000000000001,1.0
Fear,0.7986600669966502,1,0.0,0.0,1.0
Happiness,0.0,0.5855283000000003,0.7927641500000002,0.9172157894736842,0.05
Joy,0.8033098345082745,1,1.0,0.0,0.05
Pride,0.5095832065713417,1,1.0,0.19903715275866274,0.1
Sadness,0.20513974301284932,1,0.0,0.0,1.0
Shame,0.8043264503441494,1,0.0,0.14484893139182153,1.0
