Emotion,Suddenness,Goal_relevance,Conduciveness,Power,Effort
Boredom,0.0,2.6645352591003756e-16,0.5000000000000001,0.6000000000000001,1.0
Fear,0.8002599870006499,1,0.0,0.0,1.0
Happiness,0.0,0.6680268000000005,0.8340134000000002,0.9491998947368422,0.05
Joy,0.7995100244987751,1,1.0,0.0,0.05
Pride,0.49727107337780474,1,1.0,0.11687085385640793,0.1
Sadness,0.20328983550822455,1,0.0,0.0,1.0
Shame,0.7994714238519987,1,0.0,0.5171709380268726,1.0
