Emotion,Suddenness,Goal_relevance,Conduciveness,Power,Effort
Anxiety,0.19948005199480057,0.6447839523114123,0.17760802384429386,0.0,1.0
Despair,0.7994400186660444,1,0.0,0.0,1.0
Irritation,0.19870011402508547,1,1.0,0.5699550765538779,1.0
Rage,0.8022633345352675,1,0.0,0.7578240231066307,1.0
