{
  "free": {
    "c_mean": 0.0011407035175879396,
    "c_var": 1.4204186762960539e-08,
    "target_mean": 0.29215564961029417
  },
  "limit": {
    "c_mean": 0.003439698492462311,
    "c_var": 1.4204186762960539e-08,
    "target_mean": 0.6617647058823529
  }
}