{
  "free": {
    "c_mean": 0.001329145728643216,
    "c_var": 1.4204186762960517e-08,
    "target_mean": 0.29215564961029417
  },
  "limit": {
    "c_mean": 0.003402010050251256,
    "c_var": 1.4204186762960532e-08,
    "target_mean": 0.6617647058823529
  }
}