{
  "free": {
    "c_mean": 0.000914572864321608,
    "c_var": 1.4204186762960527e-08,
    "target_mean": 0.29215564961029417
  },
  "limit": {
    "c_mean": 0.0023844221105527637,
    "c_var": 1.4204186762960512e-08,
    "target_mean": 0.6617647058823529
  }
}