{
  "free": {
    "c_mean": 0.001178391959798995,
    "c_var": 1.4204186762960534e-08,
    "target_mean": 0.29215564961029417
  },
  "limit": {
    "c_mean": 0.003251256281407035,
    "c_var": 1.4204186762960526e-08,
    "target_mean": 0.6617647058823529
  }
}