Emotion,Suddenness,Goal_relevance,Conduciveness,Power,Effort
Anxiety,0.20697930206979298,1,0.0,0.0,1.0
Despair,0.799373354221526,1,0.0,0.0,1.0
Irritation,0.19775669465110457,0.8433137018609301,0.921656850930465,0.615895940520328,1.0
Rage,0.8021938350458206,1,0.0,0.7923793175606385,1.0
