Emotion,Suddenness,Goal_relevance,Conduciveness,Power,Urgency
Anxiety,0.20117988201179882,1,0.0,0.0,0.5
Despair,0.7999400019999333,1,0.0,0.0,0.5
Irritation,0.19814432989690722,0.3513892504446975,0.32430537477765126,0.41923517982771014,0.5
Rage,0.7983692647871752,1,0.0,0.749337244515223,0.5
