Emotion   , Suddenness         , Goal_relevance, Conduciveness, Power

Anxiety   , 0.19148085191480857,              1,           0.0, 0.0

Despair   , 0.7984067197760074 ,              1,           0.0, 0.0
Irritation, 0.20043438500228627,              1,           0.0, 0.3459237686669297
Rage      , 0.7994693787309308 ,              1,           0.0, 0.7911729282648804
