Emotion,Suddenness,Goal_relevance,Conduciveness,Power,Responsibility
Anxiety,0.1963803619638036,1,0.0,0.0,0.0
Despair,0.7971400953301557,1,0.0,0.0,0.0
Irritation,0.20027282027964077,0.41122297723265683,0.7056114886163284,0.5732520545504073,0.0
Rage,0.8012747679091035,1,0.0,0.7934580804619923,0.0
