Emotion,Suddenness,Goal_relevance,Conduciveness,Power,Urgency,Effort
Anxiety,0.19528047195280474,0.7688340968267002,0.11558295158664988,0.0,0.5,1.0
Despair,0.7981067297756741,1.0,0.0,0.0,0.5,1.0
Irritation,0.20364428145771263,1.0,1.0,0.8074265492009971,0.5,1.0
Rage,0.8035610121941057,1.0,0.0,0.792350118972499,0.5,1.0
