Emotion,Suddenness,Goal_relevance,Conduciveness,Power,Experience
Anxiety,0.20387961203879612,0.3108641337946221,0.34456793310268896,0.0,0.7960203979594079
Despair,0.8051064964501183,1,0.0,0.0,0.19486017132755745
Irritation,0.20096785975164355,1,0.0,0.6352345219009846,0.7990093133672391
Rage,0.7977924944812362,1,0.0,0.7643647116121658,0.20217991169972346
