Emotion,Suddenness,Goal_relevance,Conduciveness,Power
Boredom,0.0,2.6645352591003756e-16,0.5000000000000001,0.6000000000000001
Fear,0.8033598320083996,1,0.0,0.0
Happiness,0.0,0.6178983299999998,0.8089491649999999,0.9347397368421053
Joy,0.8042097895105245,1,1.0,0.0
Pride,0.5014014325755216,0.7651704232471669,0.8825852116235835,0.07670839282823583
Sadness,0.19524023798810064,1,0.0,0.0
Shame,0.7904953145917002,1,0.0,0.1523710728240987
