Emotion,Suddenness,Goal_relevance,Conduciveness,Power
Anxiety,0.20387961203879612,0.8590135564429634,0.0704932217785183,0.0
Despair,0.7989067031098963,1,0.0,0.0
Irritation,0.19936956421701713,1,0.0,0.454867840394597
Rage,0.800664543818358,1,0.0,0.7810303712872038
